name,email,required
user_2_0,user_2_0@,ok
user_2_1,user_2_1@example.com,
user_2_2,user_2_2@,ok
user_2_3,user_2_3@example.com,ok
user_2_4,user_2_4@example.com,ok
user_2_5,user_2_5@example.com,ok
user_2_6,user_2_6@example.com,ok
user_2_7,user_2_7@example.com,ok
user_2_8,user_2_8@example.com,ok
user_2_9,user_2_9@example.com,ok
user_2_10,user_2_10@example.com,ok
user_2_11,user_2_11@example.com,ok
user_2_12,user_2_12@example.com,ok
user_2_13,user_2_13@example.com,ok
user_2_14,user_2_14@example.com,ok
user_2_15,user_2_15@example.com,ok
user_2_16,user_2_16@example.com,ok
user_2_17,user_2_17@example.com,ok
user_2_18,user_2_18@example.com,ok
user_2_19,user_2_19@example.com,ok
user_2_20,user_2_20@example.com,ok
user_2_21,user_2_21@example.com,ok
user_2_22,user_2_22@example.com,ok
user_2_23,user_2_23@example.com,ok
user_2_24,user_2_24@example.com,ok
user_2_25,user_2_25@example.com,ok
user_2_26,user_2_26@example.com,ok
user_2_27,user_2_27@example.com,ok
user_2_28,user_2_28@example.com,ok
user_2_29,user_2_29@example.com,ok
user_2_30,user_2_30@example.com,ok
user_2_31,user_2_31@example.com,ok
user_2_32,user_2_32@example.com,ok
user_2_33,user_2_33@example.com,ok
user_2_34,user_2_34@example.com,ok
user_2_35,user_2_35@example.com,ok
user_2_36,user_2_36@example.com,ok
user_2_37,user_2_37@example.com,ok
user_2_38,user_2_38@example.com,ok
user_2_39,user_2_39@example.com,ok
user_2_40,user_2_40@example.com,ok
user_2_41,user_2_41@example.com,ok
user_2_42,user_2_42@example.com,ok
user_2_43,user_2_43@example.com,ok
user_2_44,user_2_44@example.com,ok
user_2_45,user_2_45@example.com,ok
user_2_46,user_2_46@example.com,ok
user_2_47,user_2_47@example.com,ok
user_2_48,user_2_48@example.com,ok
user_2_49,user_2_49@example.com,ok
user_2_50,user_2_50@example.com,ok
user_2_51,user_2_51@example.com,ok
user_2_52,user_2_52@example.com,ok
user_2_53,user_2_53@example.com,ok
user_2_54,user_2_54@example.com,ok
user_2_55,user_2_55@example.com,ok
user_2_56,user_2_56@example.com,ok
user_2_57,user_2_57@example.com,ok
user_2_58,user_2_58@example.com,ok
user_2_59,user_2_59@example.com,ok
user_2_60,user_2_60@example.com,ok
user_2_61,user_2_61@example.com,ok
user_2_62,user_2_62@example.com,ok
user_2_63,user_2_63@example.com,ok
user_2_64,user_2_64@example.com,ok
user_2_65,user_2_65@example.com,ok
user_2_66,user_2_66@example.com,ok
user_2_67,user_2_67@example.com,ok
user_2_68,user_2_68@example.com,ok
user_2_69,user_2_69@example.com,ok
user_2_70,user_2_70@example.com,ok
user_2_71,user_2_71@example.com,ok
user_2_72,user_2_72@example.com,ok
user_2_73,user_2_73@example.com,ok
user_2_74,user_2_74@example.com,ok
user_2_75,user_2_75@example.com,ok
user_2_76,user_2_76@example.com,ok
user_2_77,user_2_77@example.com,ok
user_2_78,user_2_78@example.com,ok
user_2_79,user_2_79@example.com,ok
user_2_80,user_2_80@example.com,ok
user_2_81,user_2_81@example.com,ok
user_2_82,user_2_82@example.com,ok
user_2_83,user_2_83@example.com,ok
user_2_84,user_2_84@example.com,ok
user_2_85,user_2_85@example.com,ok
user_2_86,user_2_86@example.com,ok
user_2_87,user_2_87@example.com,ok
user_2_88,user_2_88@example.com,ok
user_2_89,user_2_89@example.com,ok
user_2_90,user_2_90@example.com,ok
user_2_91,user_2_91@example.com,ok
user_2_92,user_2_92@example.com,ok
user_2_93,user_2_93@example.com,ok
user_2_94,user_2_94@example.com,ok
user_2_95,user_2_95@example.com,ok
user_2_96,user_2_96@example.com,ok
user_2_97,user_2_97@example.com,ok
user_2_98,user_2_98@example.com,ok
user_2_99,user_2_99@example.com,ok
